textures.xml,Textures,textures/textures.min.xml
indicators.jpg,Textures,textures/indicators.jpg
display_background.jpg,Textures,textures/display_background.jpg
cockpit.x3d,Scene,scene/cockpit.min.x3d
world.x3d,Scene,scene/world.min.x3d
mobileDevice.x3d,Scene,scene/mobileDevice.min.x3d
covariantLambert.vs,Shaders,shaders/covariantLambert.min.vs
covariantLambert.fs,Shaders,shaders/covariantLambert.min.fs
covariantHorizon.vs,Shaders,shaders/covariantHorizon.min.vs
dopplerMap.png,Shaders,shaders/dopplerMap.png
rgb_range.json,Shaders,shaders/rgb_range.json
